{
    "f1_score": 0.8809011455650952,
    "precision": 0.8412679393425009,
    "recall": 0.9801417913327626,
    "loss": 0.09515246084774845
}