{
    "accuracy": 0.939211999168632,
    "loss": 0.22547731523712475
}