{
    "accuracy": 0.9551379856928098,
    "loss": 0.14738069704423348
}