{
    "f1_score": 0.7643674020162352,
    "accuracy": 0.947146588699674,
    "loss": 0.17295353238781294
}