{
    "f1_score": 0.8760858565556399,
    "precision": 0.8360836852621149,
    "recall": 0.9816592130622023,
    "loss": 0.08874982421960644
}