{
    "f1_score": 0.7507029308820755,
    "precision": 0.7472112357442406,
    "recall": 0.8237959565740947,
    "loss": 0.6557904541492462
}