{
    "accuracy": 0.7320402434037709,
    "loss": 0.9277791857719422
}