{
    "f1_score": 0.4569406250021852,
    "accuracy": 0.5214502709571626,
    "loss": 1.5736085812250773
}