{
    "f1_score": 0.8593828784207085,
    "accuracy": 0.9651418469976296,
    "loss": 0.1692937654753526
}