{
    "accuracy": 0.8835259398523932,
    "f1_score": 0.8125669215812129,
    "loss": 0.37709366033474606
}