{
    "f1_score": 0.8595472964150821,
    "precision": 0.8207885636983702,
    "recall": 0.9652202639159125,
    "loss": 0.1352142537633578
}