{
    "f1_score": 0.8685921817811464,
    "accuracy": 0.9660670268346139,
    "loss": 0.15245777188489834
}