{
    "accuracy": 0.9125734729656804,
    "loss": 0.3509543612599373
}