{
    "accuracy": 0.8836867927239278,
    "f1_score": 0.7657229591245737,
    "loss": 0.37541923026243845
}