{
    "f1_score": 0.8705372660761924,
    "precision": 0.8332468972333689,
    "recall": 0.9734034213916501,
    "loss": 0.10121679653724035
}