{
    "f1_score": 0.8380032359717137,
    "precision": 0.7926114277547068,
    "recall": 0.96556245887249,
    "loss": 0.13122502317031223
}