{
    "f1_score": 0.8851178629387814,
    "precision": 0.8567177868181785,
    "recall": 0.969717220627483,
    "loss": 0.13063548585050738
}