{
    "f1_score": 0.8312498659928585,
    "accuracy": 0.9733791460387491,
    "loss": 0.11067218147218227
}