{
    "f1_score": 0.8331929720030793,
    "accuracy": 0.969775766023556,
    "loss": 0.10363724424193303
}