{
    "f1_score": 0.855568640686248,
    "precision": 0.8110359920335507,
    "recall": 0.9766711281755771,
    "loss": 0.09864671242345745
}