{
    "accuracy": 0.949137223113428,
    "loss": 0.15424413913860918
}