{
    "f1_score": 0.8300980411424885,
    "precision": 0.779645529630238,
    "recall": 0.97191472198687,
    "loss": 0.14223464127474775
}