{
    "f1_score": 0.8655249639246675,
    "accuracy": 0.9665089780476233,
    "loss": 0.1317609646357596
}