{
    "f1_score": 0.6008698811318838,
    "accuracy": 0.7645663335594713,
    "loss": 0.7718647678693136
}