{
    "accuracy": 0.9331510649434918,
    "loss": 0.21305222089091938
}