{
    "f1_score": 0.8615145970472151,
    "precision": 0.8258905687397656,
    "recall": 0.9568262059781315,
    "loss": 0.1636883808299899
}