{
    "f1_score": 0.7390683578872308,
    "accuracy": 0.841849817156496,
    "loss": 0.46774006883303326
}