{
    "f1_score": 0.8563514411075148,
    "precision": 0.8169463907154694,
    "recall": 0.9582556702003051,
    "loss": 0.15636511705815792
}